reference,businessName,category,area,publicPhone,recommendedChannel,state,valueAngle,initialDraft,followUpDraft,callOpener,commercialBoundary,previewUrl,researchUrl
"SITE-01","Restoran Hatinie","Food","Seksyen 10","+60172562825","WhatsApp draft","draft_only","Restoran Hatinie could use a focused one-page site to make the menu, location and table enquiry path easier to discover.","Hi, I’m Mak from NorthArc. I prepared an unofficial website concept for Restoran Hatinie based only on public information. It is designed to make the menu, location and table enquiry path easier to discover. May I send you the private preview for your feedback? There is no obligation.","Hi, just following up on the website concept prepared for Restoran Hatinie. If the direction is useful, I can revise the business details and imagery with you. The one-page site is RM600, excluding domain and hosting. Would a short 15-minute discussion be convenient?","Hi, may I speak with the person responsible for Restoran Hatinie? I’m Mak from NorthArc. I prepared a website concept to make the menu, location and table enquiry path easier to discover, and I would like permission to share it for feedback.","RM600 one-page website; domain and hosting excluded; changes scoped after owner review.","https://mdotak.github.io/shah-alam-local-30-preview/site.html?id=restoran-hatinie","https://www.burpple.com/restoran-hatinie"
"SITE-02","Restoran Azira","Food","Seksyen 10","+60126879699","WhatsApp draft","draft_only","Restoran Azira could use a focused one-page site to make the menu, location and table enquiry path easier to discover.","Hi, I’m Mak from NorthArc. I prepared an unofficial website concept for Restoran Azira based only on public information. It is designed to make the menu, location and table enquiry path easier to discover. May I send you the private preview for your feedback? There is no obligation.","Hi, just following up on the website concept prepared for Restoran Azira. If the direction is useful, I can revise the business details and imagery with you. The one-page site is RM600, excluding domain and hosting. Would a short 15-minute discussion be convenient?","Hi, may I speak with the person responsible for Restoran Azira? I’m Mak from NorthArc. I prepared a website concept to make the menu, location and table enquiry path easier to discover, and I would like permission to share it for feedback.","RM600 one-page website; domain and hosting excluded; changes scoped after owner review.","https://mdotak.github.io/shah-alam-local-30-preview/site.html?id=restoran-azira","https://www.waze.com/live-map/directions/restoran-azira-jalan-ceongsam-1011-shah-alam?to=place.w.66519071.665387316.4770782"
"SITE-03","Restoran Aidania","Food","Seksyen 7","+60355244736","Call script","draft_only","Restoran Aidania could use a focused one-page site to make the menu, location and table enquiry path easier to discover.","Hi, I’m Mak from NorthArc. I prepared an unofficial website concept for Restoran Aidania based only on public information. It is designed to make the menu, location and table enquiry path easier to discover. May I send you the private preview for your feedback? There is no obligation.","Hi, just following up on the website concept prepared for Restoran Aidania. If the direction is useful, I can revise the business details and imagery with you. The one-page site is RM600, excluding domain and hosting. Would a short 15-minute discussion be convenient?","Hi, may I speak with the person responsible for Restoran Aidania? I’m Mak from NorthArc. I prepared a website concept to make the menu, location and table enquiry path easier to discover, and I would like permission to share it for feedback.","RM600 one-page website; domain and hosting excluded; changes scoped after owner review.","https://mdotak.github.io/shah-alam-local-30-preview/site.html?id=restoran-aidania","https://my.worldorgs.com/katalog/shah-alam/restoran/restoranaidania"
"SITE-04","Alrawsha Restaurant","Food","Seksyen 7","+60355243584","Call script","draft_only","Alrawsha Restaurant could use a focused one-page site to make the menu, location and table enquiry path easier to discover.","Hi, I’m Mak from NorthArc. I prepared an unofficial website concept for Alrawsha Restaurant based only on public information. It is designed to make the menu, location and table enquiry path easier to discover. May I send you the private preview for your feedback? There is no obligation.","Hi, just following up on the website concept prepared for Alrawsha Restaurant. If the direction is useful, I can revise the business details and imagery with you. The one-page site is RM600, excluding domain and hosting. Would a short 15-minute discussion be convenient?","Hi, may I speak with the person responsible for Alrawsha Restaurant? I’m Mak from NorthArc. I prepared a website concept to make the menu, location and table enquiry path easier to discover, and I would like permission to share it for feedback.","RM600 one-page website; domain and hosting excluded; changes scoped after owner review.","https://mdotak.github.io/shah-alam-local-30-preview/site.html?id=alrawsha","https://my.worldorgs.com/katalog/shah-alam/restoran/alrawsha-restaurant"
"SITE-05","Nihonkai","Food","Kota Kemuning","+60351222186","Call script","draft_only","Nihonkai could use a focused one-page site to make the menu, location and table enquiry path easier to discover.","Hi, I’m Mak from NorthArc. I prepared an unofficial website concept for Nihonkai based only on public information. It is designed to make the menu, location and table enquiry path easier to discover. May I send you the private preview for your feedback? There is no obligation.","Hi, just following up on the website concept prepared for Nihonkai. If the direction is useful, I can revise the business details and imagery with you. The one-page site is RM600, excluding domain and hosting. Would a short 15-minute discussion be convenient?","Hi, may I speak with the person responsible for Nihonkai? I’m Mak from NorthArc. I prepared a website concept to make the menu, location and table enquiry path easier to discover, and I would like permission to share it for feedback.","RM600 one-page website; domain and hosting excluded; changes scoped after owner review.","https://mdotak.github.io/shah-alam-local-30-preview/site.html?id=nihonkai","https://my.worldorgs.com/katalog/shah-alam/restoran/nihonkai-japanese-restaurant"
"SITE-06","Bei Ping","Food","Seksyen 15","+60355199291","Call script","draft_only","Bei Ping could use a focused one-page site to make the menu, location and table enquiry path easier to discover.","Hi, I’m Mak from NorthArc. I prepared an unofficial website concept for Bei Ping based only on public information. It is designed to make the menu, location and table enquiry path easier to discover. May I send you the private preview for your feedback? There is no obligation.","Hi, just following up on the website concept prepared for Bei Ping. If the direction is useful, I can revise the business details and imagery with you. The one-page site is RM600, excluding domain and hosting. Would a short 15-minute discussion be convenient?","Hi, may I speak with the person responsible for Bei Ping? I’m Mak from NorthArc. I prepared a website concept to make the menu, location and table enquiry path easier to discover, and I would like permission to share it for feedback.","RM600 one-page website; domain and hosting excluded; changes scoped after owner review.","https://mdotak.github.io/shah-alam-local-30-preview/site.html?id=bei-ping","https://my.worldorgs.com/katalog/shah-alam/restoran-cina/bei-ping"
"SITE-07","Salai POWER","Food","Jalan Kebun","+60165352729","WhatsApp draft","draft_only","Salai POWER could use a focused one-page site to make the menu, location and table enquiry path easier to discover.","Hi, I’m Mak from NorthArc. I prepared an unofficial website concept for Salai POWER based only on public information. It is designed to make the menu, location and table enquiry path easier to discover. May I send you the private preview for your feedback? There is no obligation.","Hi, just following up on the website concept prepared for Salai POWER. If the direction is useful, I can revise the business details and imagery with you. The one-page site is RM600, excluding domain and hosting. Would a short 15-minute discussion be convenient?","Hi, may I speak with the person responsible for Salai POWER? I’m Mak from NorthArc. I prepared a website concept to make the menu, location and table enquiry path easier to discover, and I would like permission to share it for feedback.","RM600 one-page website; domain and hosting excluded; changes scoped after owner review.","https://mdotak.github.io/shah-alam-local-30-preview/site.html?id=salai-power","https://my.worldorgs.com/katalog/shah-alam/restoran/salaipowerrestaurant"
"SITE-08","Pine 38","Food","Seksyen 9","+60355108371","Call script","draft_only","Pine 38 could use a focused one-page site to make the menu, location and table enquiry path easier to discover.","Hi, I’m Mak from NorthArc. I prepared an unofficial website concept for Pine 38 based only on public information. It is designed to make the menu, location and table enquiry path easier to discover. May I send you the private preview for your feedback? There is no obligation.","Hi, just following up on the website concept prepared for Pine 38. If the direction is useful, I can revise the business details and imagery with you. The one-page site is RM600, excluding domain and hosting. Would a short 15-minute discussion be convenient?","Hi, may I speak with the person responsible for Pine 38? I’m Mak from NorthArc. I prepared a website concept to make the menu, location and table enquiry path easier to discover, and I would like permission to share it for feedback.","RM600 one-page website; domain and hosting excluded; changes scoped after owner review.","https://mdotak.github.io/shah-alam-local-30-preview/site.html?id=pine-38","https://my.worldorgs.com/katalog/shah-alam/kafe/pine38bistrorestaurant"
"SITE-09","Tomyam Rejab","Food","Seksyen 19","+601121757920","WhatsApp draft","draft_only","Tomyam Rejab could use a focused one-page site to make the menu, location and table enquiry path easier to discover.","Hi, I’m Mak from NorthArc. I prepared an unofficial website concept for Tomyam Rejab based only on public information. It is designed to make the menu, location and table enquiry path easier to discover. May I send you the private preview for your feedback? There is no obligation.","Hi, just following up on the website concept prepared for Tomyam Rejab. If the direction is useful, I can revise the business details and imagery with you. The one-page site is RM600, excluding domain and hosting. Would a short 15-minute discussion be convenient?","Hi, may I speak with the person responsible for Tomyam Rejab? I’m Mak from NorthArc. I prepared a website concept to make the menu, location and table enquiry path easier to discover, and I would like permission to share it for feedback.","RM600 one-page website; domain and hosting excluded; changes scoped after owner review.","https://mdotak.github.io/shah-alam-local-30-preview/site.html?id=tomyam-rejab","https://my.worldorgs.com/katalog/shah-alam/restoran/restoran-tomyam-rejab"
"SITE-10","KWF Subang Perdana","Food","Subang Perdana","+60173912504","WhatsApp draft","draft_only","KWF Subang Perdana could use a focused one-page site to make the menu, location and table enquiry path easier to discover.","Hi, I’m Mak from NorthArc. I prepared an unofficial website concept for KWF Subang Perdana based only on public information. It is designed to make the menu, location and table enquiry path easier to discover. May I send you the private preview for your feedback? There is no obligation.","Hi, just following up on the website concept prepared for KWF Subang Perdana. If the direction is useful, I can revise the business details and imagery with you. The one-page site is RM600, excluding domain and hosting. Would a short 15-minute discussion be convenient?","Hi, may I speak with the person responsible for KWF Subang Perdana? I’m Mak from NorthArc. I prepared a website concept to make the menu, location and table enquiry path easier to discover, and I would like permission to share it for feedback.","RM600 one-page website; domain and hosting excluded; changes scoped after owner review.","https://mdotak.github.io/shah-alam-local-30-preview/site.html?id=kwf-subang-perdana","https://my.worldorgs.com/katalog/shah-alam/restoran-barat/kwfsubangperdana"
"SITE-11","The Editor Salon","Beauty","Setia Alam","+60333623263","Call script","draft_only","The Editor Salon could use a focused one-page site to turn service discovery and appointment enquiries into a clearer mobile journey.","Hi, I’m Mak from NorthArc. I prepared an unofficial website concept for The Editor Salon based only on public information. It is designed to turn service discovery and appointment enquiries into a clearer mobile journey. May I send you the private preview for your feedback? There is no obligation.","Hi, just following up on the website concept prepared for The Editor Salon. If the direction is useful, I can revise the business details and imagery with you. The one-page site is RM600, excluding domain and hosting. Would a short 15-minute discussion be convenient?","Hi, may I speak with the person responsible for The Editor Salon? I’m Mak from NorthArc. I prepared a website concept to turn service discovery and appointment enquiries into a clearer mobile journey, and I would like permission to share it for feedback.","RM600 one-page website; domain and hosting excluded; changes scoped after owner review.","https://mdotak.github.io/shah-alam-local-30-preview/site.html?id=the-editor-salon","https://malaysia.worldplaces.me/hair-salons-in-shah-alam/2401799-the-editor-salon.html"
"SITE-12","Lepaque Cut","Beauty","Seksyen 9","+60189069677","WhatsApp draft","draft_only","Lepaque Cut could use a focused one-page site to turn service discovery and appointment enquiries into a clearer mobile journey.","Hi, I’m Mak from NorthArc. I prepared an unofficial website concept for Lepaque Cut based only on public information. It is designed to turn service discovery and appointment enquiries into a clearer mobile journey. May I send you the private preview for your feedback? There is no obligation.","Hi, just following up on the website concept prepared for Lepaque Cut. If the direction is useful, I can revise the business details and imagery with you. The one-page site is RM600, excluding domain and hosting. Would a short 15-minute discussion be convenient?","Hi, may I speak with the person responsible for Lepaque Cut? I’m Mak from NorthArc. I prepared a website concept to turn service discovery and appointment enquiries into a clearer mobile journey, and I would like permission to share it for feedback.","RM600 one-page website; domain and hosting excluded; changes scoped after owner review.","https://mdotak.github.io/shah-alam-local-30-preview/site.html?id=lepaque-cut","https://my.worldorgs.com/katalog/shah-alam/salun-rambut/lepaque-cut-hair-studio"
"SITE-13","Elyana Hair Salon","Beauty","Padang Jawa","+60129006195","WhatsApp draft","draft_only","Elyana Hair Salon could use a focused one-page site to turn service discovery and appointment enquiries into a clearer mobile journey.","Hi, I’m Mak from NorthArc. I prepared an unofficial website concept for Elyana Hair Salon based only on public information. It is designed to turn service discovery and appointment enquiries into a clearer mobile journey. May I send you the private preview for your feedback? There is no obligation.","Hi, just following up on the website concept prepared for Elyana Hair Salon. If the direction is useful, I can revise the business details and imagery with you. The one-page site is RM600, excluding domain and hosting. Would a short 15-minute discussion be convenient?","Hi, may I speak with the person responsible for Elyana Hair Salon? I’m Mak from NorthArc. I prepared a website concept to turn service discovery and appointment enquiries into a clearer mobile journey, and I would like permission to share it for feedback.","RM600 one-page website; domain and hosting excluded; changes scoped after owner review.","https://mdotak.github.io/shah-alam-local-30-preview/site.html?id=elyana-hair-salon","https://www.waze.com/live-map/directions/my/selangor/shah-alam/elyana-hair-salon?to=place.ChIJW5GASBdTzDERh73rhOv4TPA"
"SITE-14","Dinara Beauty","Beauty","Seksyen 16","+60355100212","Call script","draft_only","Dinara Beauty could use a focused one-page site to turn service discovery and appointment enquiries into a clearer mobile journey.","Hi, I’m Mak from NorthArc. I prepared an unofficial website concept for Dinara Beauty based only on public information. It is designed to turn service discovery and appointment enquiries into a clearer mobile journey. May I send you the private preview for your feedback? There is no obligation.","Hi, just following up on the website concept prepared for Dinara Beauty. If the direction is useful, I can revise the business details and imagery with you. The one-page site is RM600, excluding domain and hosting. Would a short 15-minute discussion be convenient?","Hi, may I speak with the person responsible for Dinara Beauty? I’m Mak from NorthArc. I prepared a website concept to turn service discovery and appointment enquiries into a clearer mobile journey, and I would like permission to share it for feedback.","RM600 one-page website; domain and hosting excluded; changes scoped after owner review.","https://mdotak.github.io/shah-alam-local-30-preview/site.html?id=dinara-beauty","https://www.waze.com/live-map/directions/malaysia/selangor/shah-alam/dinara-beauty-shah-alam?to=place.ChIJB8srTAtTzDERomv-G22rrSs"
"SITE-15","N96 Hair Salon","Beauty","Setia Alam","+60333623011","Call script","draft_only","N96 Hair Salon could use a focused one-page site to turn service discovery and appointment enquiries into a clearer mobile journey.","Hi, I’m Mak from NorthArc. I prepared an unofficial website concept for N96 Hair Salon based only on public information. It is designed to turn service discovery and appointment enquiries into a clearer mobile journey. May I send you the private preview for your feedback? There is no obligation.","Hi, just following up on the website concept prepared for N96 Hair Salon. If the direction is useful, I can revise the business details and imagery with you. The one-page site is RM600, excluding domain and hosting. Would a short 15-minute discussion be convenient?","Hi, may I speak with the person responsible for N96 Hair Salon? I’m Mak from NorthArc. I prepared a website concept to turn service discovery and appointment enquiries into a clearer mobile journey, and I would like permission to share it for feedback.","RM600 one-page website; domain and hosting excluded; changes scoped after owner review.","https://mdotak.github.io/shah-alam-local-30-preview/site.html?id=n96-hair","https://www.waze.com/en-GB/live-map/directions/my/selangor/shah-alam/n96-hair-salon-setia-alam?to=place.ChIJAUIo_EpRzDERca1zzgNvcF4"
"SITE-16","Keith Hair Studio","Beauty","Bukit Jelutong","+60173003320","WhatsApp draft","draft_only","Keith Hair Studio could use a focused one-page site to turn service discovery and appointment enquiries into a clearer mobile journey.","Hi, I’m Mak from NorthArc. I prepared an unofficial website concept for Keith Hair Studio based only on public information. It is designed to turn service discovery and appointment enquiries into a clearer mobile journey. May I send you the private preview for your feedback? There is no obligation.","Hi, just following up on the website concept prepared for Keith Hair Studio. If the direction is useful, I can revise the business details and imagery with you. The one-page site is RM600, excluding domain and hosting. Would a short 15-minute discussion be convenient?","Hi, may I speak with the person responsible for Keith Hair Studio? I’m Mak from NorthArc. I prepared a website concept to turn service discovery and appointment enquiries into a clearer mobile journey, and I would like permission to share it for feedback.","RM600 one-page website; domain and hosting excluded; changes scoped after owner review.","https://mdotak.github.io/shah-alam-local-30-preview/site.html?id=keith-hair-studio","https://my.worldorgs.com/katalog/shah-alam/salun-rambut/keith-hair-studio"
"SITE-17","Velvet Beauty & Spa","Beauty","Seksyen 13","+60355239333","Call script","draft_only","Velvet Beauty & Spa could use a focused one-page site to turn service discovery and appointment enquiries into a clearer mobile journey.","Hi, I’m Mak from NorthArc. I prepared an unofficial website concept for Velvet Beauty & Spa based only on public information. It is designed to turn service discovery and appointment enquiries into a clearer mobile journey. May I send you the private preview for your feedback? There is no obligation.","Hi, just following up on the website concept prepared for Velvet Beauty & Spa. If the direction is useful, I can revise the business details and imagery with you. The one-page site is RM600, excluding domain and hosting. Would a short 15-minute discussion be convenient?","Hi, may I speak with the person responsible for Velvet Beauty & Spa? I’m Mak from NorthArc. I prepared a website concept to turn service discovery and appointment enquiries into a clearer mobile journey, and I would like permission to share it for feedback.","RM600 one-page website; domain and hosting excluded; changes scoped after owner review.","https://mdotak.github.io/shah-alam-local-30-preview/site.html?id=velvet-spa","https://my.worldorgs.com/katalog/shah-alam/spa/velvet-beauty-spa-spa-wanita-massage-facial-body-scrub-massage-pedicure-manicure-shah-alam"
"SITE-18","GMR Werkstatt","Auto","Seksyen 7","+60175391319","WhatsApp draft","draft_only","GMR Werkstatt could use a focused one-page site to let drivers describe their vehicle issue before calling or visiting.","Hi, I’m Mak from NorthArc. I prepared an unofficial website concept for GMR Werkstatt based only on public information. It is designed to let drivers describe their vehicle issue before calling or visiting. May I send you the private preview for your feedback? There is no obligation.","Hi, just following up on the website concept prepared for GMR Werkstatt. If the direction is useful, I can revise the business details and imagery with you. The one-page site is RM600, excluding domain and hosting. Would a short 15-minute discussion be convenient?","Hi, may I speak with the person responsible for GMR Werkstatt? I’m Mak from NorthArc. I prepared a website concept to let drivers describe their vehicle issue before calling or visiting, and I would like permission to share it for feedback.","RM600 one-page website; domain and hosting excluded; changes scoped after owner review.","https://mdotak.github.io/shah-alam-local-30-preview/site.html?id=gmr-werkstatt","https://gmride.com.my/panel-workshop/featured-workshop/gmr-mend-werkstatt/"
"SITE-19","Zafran Auto Services","Auto","Seksyen 19","+60199325025","WhatsApp draft","draft_only","Zafran Auto Services could use a focused one-page site to let drivers describe their vehicle issue before calling or visiting.","Hi, I’m Mak from NorthArc. I prepared an unofficial website concept for Zafran Auto Services based only on public information. It is designed to let drivers describe their vehicle issue before calling or visiting. May I send you the private preview for your feedback? There is no obligation.","Hi, just following up on the website concept prepared for Zafran Auto Services. If the direction is useful, I can revise the business details and imagery with you. The one-page site is RM600, excluding domain and hosting. Would a short 15-minute discussion be convenient?","Hi, may I speak with the person responsible for Zafran Auto Services? I’m Mak from NorthArc. I prepared a website concept to let drivers describe their vehicle issue before calling or visiting, and I would like permission to share it for feedback.","RM600 one-page website; domain and hosting excluded; changes scoped after owner review.","https://mdotak.github.io/shah-alam-local-30-preview/site.html?id=zafran-auto","https://magicpin.com/malaysia/Shah-Alam/Kota-Kemuning/Autocare/Zafran-Auto-Services-Sdn-Bhd-%28Bosch%29/store/23b3a77"
"SITE-20","Raudhah Rich Auto","Auto","Seksyen 23","+60133300069","WhatsApp draft","draft_only","Raudhah Rich Auto could use a focused one-page site to let drivers describe their vehicle issue before calling or visiting.","Hi, I’m Mak from NorthArc. I prepared an unofficial website concept for Raudhah Rich Auto based only on public information. It is designed to let drivers describe their vehicle issue before calling or visiting. May I send you the private preview for your feedback? There is no obligation.","Hi, just following up on the website concept prepared for Raudhah Rich Auto. If the direction is useful, I can revise the business details and imagery with you. The one-page site is RM600, excluding domain and hosting. Would a short 15-minute discussion be convenient?","Hi, may I speak with the person responsible for Raudhah Rich Auto? I’m Mak from NorthArc. I prepared a website concept to let drivers describe their vehicle issue before calling or visiting, and I would like permission to share it for feedback.","RM600 one-page website; domain and hosting excluded; changes scoped after owner review.","https://mdotak.github.io/shah-alam-local-30-preview/site.html?id=raudhah-auto","https://www.waze.com/live-map/directions/my/selangor/shah-alam/raudhah-rich-auto-services-no-1-preferred-workshop?to=place.ChIJM_IXGrtNzDERPecu2FInFOE"
"SITE-21","AB Auto Works","Auto","Padang Jawa","+60176848471","WhatsApp draft","draft_only","AB Auto Works could use a focused one-page site to let drivers describe their vehicle issue before calling or visiting.","Hi, I’m Mak from NorthArc. I prepared an unofficial website concept for AB Auto Works based only on public information. It is designed to let drivers describe their vehicle issue before calling or visiting. May I send you the private preview for your feedback? There is no obligation.","Hi, just following up on the website concept prepared for AB Auto Works. If the direction is useful, I can revise the business details and imagery with you. The one-page site is RM600, excluding domain and hosting. Would a short 15-minute discussion be convenient?","Hi, may I speak with the person responsible for AB Auto Works? I’m Mak from NorthArc. I prepared a website concept to let drivers describe their vehicle issue before calling or visiting, and I would like permission to share it for feedback.","RM600 one-page website; domain and hosting excluded; changes scoped after owner review.","https://mdotak.github.io/shah-alam-local-30-preview/site.html?id=ab-auto-works","https://www.waze.com/live-map/directions/malaysia/selangor/shah-alam/ab-auto-works-service?to=place.ChIJZwEJ9BhTzDER2BaSChlFrKY"
"SITE-22","ARM Sportrim & Tayar","Auto","Setia Alam","+60166800847","WhatsApp draft","draft_only","ARM Sportrim & Tayar could use a focused one-page site to let drivers describe their vehicle issue before calling or visiting.","Hi, I’m Mak from NorthArc. I prepared an unofficial website concept for ARM Sportrim & Tayar based only on public information. It is designed to let drivers describe their vehicle issue before calling or visiting. May I send you the private preview for your feedback? There is no obligation.","Hi, just following up on the website concept prepared for ARM Sportrim & Tayar. If the direction is useful, I can revise the business details and imagery with you. The one-page site is RM600, excluding domain and hosting. Would a short 15-minute discussion be convenient?","Hi, may I speak with the person responsible for ARM Sportrim & Tayar? I’m Mak from NorthArc. I prepared a website concept to let drivers describe their vehicle issue before calling or visiting, and I would like permission to share it for feedback.","RM600 one-page website; domain and hosting excluded; changes scoped after owner review.","https://mdotak.github.io/shah-alam-local-30-preview/site.html?id=arm-sportrim","https://my.worldorgs.com/katalog/shah-alam/kedai-tayar/armsportrimtayar"
"SITE-23","Setia Alam Tyre & Auto","Auto","Setia Alam","+60333583192","Call script","draft_only","Setia Alam Tyre & Auto could use a focused one-page site to let drivers describe their vehicle issue before calling or visiting.","Hi, I’m Mak from NorthArc. I prepared an unofficial website concept for Setia Alam Tyre & Auto based only on public information. It is designed to let drivers describe their vehicle issue before calling or visiting. May I send you the private preview for your feedback? There is no obligation.","Hi, just following up on the website concept prepared for Setia Alam Tyre & Auto. If the direction is useful, I can revise the business details and imagery with you. The one-page site is RM600, excluding domain and hosting. Would a short 15-minute discussion be convenient?","Hi, may I speak with the person responsible for Setia Alam Tyre & Auto? I’m Mak from NorthArc. I prepared a website concept to let drivers describe their vehicle issue before calling or visiting, and I would like permission to share it for feedback.","RM600 one-page website; domain and hosting excluded; changes scoped after owner review.","https://mdotak.github.io/shah-alam-local-30-preview/site.html?id=setia-alam-tyre","https://www.waze.com/live-map/directions/my/selangor/shah-alam/setia-alam-tyre-and-auto-service?to=place.ChIJib2Ie79TzDERNbYz6XabJTg"
"SITE-24","AZN Auto Service","Auto","Cahaya Alam","+60172887847","WhatsApp draft","draft_only","AZN Auto Service could use a focused one-page site to let drivers describe their vehicle issue before calling or visiting.","Hi, I’m Mak from NorthArc. I prepared an unofficial website concept for AZN Auto Service based only on public information. It is designed to let drivers describe their vehicle issue before calling or visiting. May I send you the private preview for your feedback? There is no obligation.","Hi, just following up on the website concept prepared for AZN Auto Service. If the direction is useful, I can revise the business details and imagery with you. The one-page site is RM600, excluding domain and hosting. Would a short 15-minute discussion be convenient?","Hi, may I speak with the person responsible for AZN Auto Service? I’m Mak from NorthArc. I prepared a website concept to let drivers describe their vehicle issue before calling or visiting, and I would like permission to share it for feedback.","RM600 one-page website; domain and hosting excluded; changes scoped after owner review.","https://mdotak.github.io/shah-alam-local-30-preview/site.html?id=azn-auto","https://www.waze.com/live-map/directions/malaysia/selangor/shah-alam/azn-auto-service?to=place.ChIJa3lcAABTzDERpNM4nqQCSPs"
"SITE-25","Bateri Jalan Kebun","Auto","Seksyen 30","+601120969838","WhatsApp draft","draft_only","Bateri Jalan Kebun could use a focused one-page site to let drivers describe their vehicle issue before calling or visiting.","Hi, I’m Mak from NorthArc. I prepared an unofficial website concept for Bateri Jalan Kebun based only on public information. It is designed to let drivers describe their vehicle issue before calling or visiting. May I send you the private preview for your feedback? There is no obligation.","Hi, just following up on the website concept prepared for Bateri Jalan Kebun. If the direction is useful, I can revise the business details and imagery with you. The one-page site is RM600, excluding domain and hosting. Would a short 15-minute discussion be convenient?","Hi, may I speak with the person responsible for Bateri Jalan Kebun? I’m Mak from NorthArc. I prepared a website concept to let drivers describe their vehicle issue before calling or visiting, and I would like permission to share it for feedback.","RM600 one-page website; domain and hosting excluded; changes scoped after owner review.","https://mdotak.github.io/shah-alam-local-30-preview/site.html?id=bateri-jalan-kebun","https://my.worldorgs.com/katalog/shah-alam/kedai/kedai-bateri-kereta-jalan-kebun-hantar-dan-pasang"
"SITE-26","Online Printing Network","Services","Kota Kemuning","+60351240458","Call script","draft_only","Online Printing Network could use a focused one-page site to collect quote specifications with less back-and-forth.","Hi, I’m Mak from NorthArc. I prepared an unofficial website concept for Online Printing Network based only on public information. It is designed to collect quote specifications with less back-and-forth. May I send you the private preview for your feedback? There is no obligation.","Hi, just following up on the website concept prepared for Online Printing Network. If the direction is useful, I can revise the business details and imagery with you. The one-page site is RM600, excluding domain and hosting. Would a short 15-minute discussion be convenient?","Hi, may I speak with the person responsible for Online Printing Network? I’m Mak from NorthArc. I prepared a website concept to collect quote specifications with less back-and-forth, and I would like permission to share it for feedback.","RM600 one-page website; domain and hosting excluded; changes scoped after owner review.","https://mdotak.github.io/shah-alam-local-30-preview/site.html?id=online-printing-network","https://www.bizmalay.com/en/online-printing-network-sdn-bhd-03-5124-0458"
"SITE-27","Teratai Floral","Retail","Seksyen 20","+60355452708","Call script","draft_only","Teratai Floral could use a focused one-page site to help customers brief an arrangement and confirm delivery details.","Hi, I’m Mak from NorthArc. I prepared an unofficial website concept for Teratai Floral based only on public information. It is designed to help customers brief an arrangement and confirm delivery details. May I send you the private preview for your feedback? There is no obligation.","Hi, just following up on the website concept prepared for Teratai Floral. If the direction is useful, I can revise the business details and imagery with you. The one-page site is RM600, excluding domain and hosting. Would a short 15-minute discussion be convenient?","Hi, may I speak with the person responsible for Teratai Floral? I’m Mak from NorthArc. I prepared a website concept to help customers brief an arrangement and confirm delivery details, and I would like permission to share it for feedback.","RM600 one-page website; domain and hosting excluded; changes scoped after owner review.","https://mdotak.github.io/shah-alam-local-30-preview/site.html?id=teratai-floral","https://www.bizmalay.com/en/teratai-floral-03-5545-2708"
"SITE-28","Pet Cottage","Pets","Bukit Jelutong","+60122333482","WhatsApp draft","draft_only","Pet Cottage could use a focused one-page site to help customers check the right supplies before making the trip.","Hi, I’m Mak from NorthArc. I prepared an unofficial website concept for Pet Cottage based only on public information. It is designed to help customers check the right supplies before making the trip. May I send you the private preview for your feedback? There is no obligation.","Hi, just following up on the website concept prepared for Pet Cottage. If the direction is useful, I can revise the business details and imagery with you. The one-page site is RM600, excluding domain and hosting. Would a short 15-minute discussion be convenient?","Hi, may I speak with the person responsible for Pet Cottage? I’m Mak from NorthArc. I prepared a website concept to help customers check the right supplies before making the trip, and I would like permission to share it for feedback.","RM600 one-page website; domain and hosting excluded; changes scoped after owner review.","https://mdotak.github.io/shah-alam-local-30-preview/site.html?id=pet-cottage","https://www.bizmalay.com/en/pet-cottage-012-233-3482"
"SITE-29","Mysarah Printing","Services","Seksyen 28","+60137548538","WhatsApp draft","draft_only","Mysarah Printing could use a focused one-page site to collect quote specifications with less back-and-forth.","Hi, I’m Mak from NorthArc. I prepared an unofficial website concept for Mysarah Printing based only on public information. It is designed to collect quote specifications with less back-and-forth. May I send you the private preview for your feedback? There is no obligation.","Hi, just following up on the website concept prepared for Mysarah Printing. If the direction is useful, I can revise the business details and imagery with you. The one-page site is RM600, excluding domain and hosting. Would a short 15-minute discussion be convenient?","Hi, may I speak with the person responsible for Mysarah Printing? I’m Mak from NorthArc. I prepared a website concept to collect quote specifications with less back-and-forth, and I would like permission to share it for feedback.","RM600 one-page website; domain and hosting excluded; changes scoped after owner review.","https://mdotak.github.io/shah-alam-local-30-preview/site.html?id=mysarah-printing","https://www.bizmalay.com/en/mysarah-printing-013-754-8538"
"SITE-30","Dance Point Malaysia","Classes","Setia Alam","+60176878278","WhatsApp draft","draft_only","Dance Point Malaysia could use a focused one-page site to make trial-class enquiries clearer for parents and new students.","Hi, I’m Mak from NorthArc. I prepared an unofficial website concept for Dance Point Malaysia based only on public information. It is designed to make trial-class enquiries clearer for parents and new students. May I send you the private preview for your feedback? There is no obligation.","Hi, just following up on the website concept prepared for Dance Point Malaysia. If the direction is useful, I can revise the business details and imagery with you. The one-page site is RM600, excluding domain and hosting. Would a short 15-minute discussion be convenient?","Hi, may I speak with the person responsible for Dance Point Malaysia? I’m Mak from NorthArc. I prepared a website concept to make trial-class enquiries clearer for parents and new students, and I would like permission to share it for feedback.","RM600 one-page website; domain and hosting excluded; changes scoped after owner review.","https://mdotak.github.io/shah-alam-local-30-preview/site.html?id=dance-point","https://www.waze.com/live-map/directions?from=place.ChIJ15tRbTZTzDER8ioxXGNtFyA"
